wallet_address,final_score
0xc1852f917835a9f2f97112672bc5c8afd1f21dc3,100.0
0xc95be28595eb64485dac63ad14f15e41c94ee468,87.86
0x003c52a71c887461087154eccced08cb1c5384a5,84.54
0x124e1fafcadc2c017a17b4bbbbfff3867b7dee35,83.72
0x52405eff99dd4c2015463dc511573344f2e2e8d7,83.58
0xd19604efb40ece1efd6df5de6d3892112b51e99a,83.3
0x268a1b7ecc1fe1fab1ee32a7e61e3b7810bad4a5,82.9
0xf859a1ad94bcf445a406b892ef0d3082f4174088,82.58
0x869a032b284481f4ad359ac75cd017eddee5c23c,81.8
0x40e652fe0ec7329dc80282a6db8f03253046efde,81.67
0x49b357c9acaa84a0cb978571b642b825e964b2cc,80.97
0x0489076a0d17394835af93cd62acff703b6814a9,80.81
0x9df7c98c933a0cb409606a3a24b1660a70283542,80.73
0xfb0018ad46c669b6a4c0e589c53db27daf7f7930,80.46
0x54f987c0a786031357427211046d9e7ef61f3891,80.44
0xa1932d804e85ae3b80a2a47446e98e51d65d877e,80.08
0x3d23ab914f5c6552689d824e7802e1b242e3f588,79.75
0xbd9ed130a53cfafcf81502e4d35329a6c4d53410,79.58
0x0235ecaa45c4ce4abaf58c21e70c103d1bd745d7,79.58
0x6f59d07401bddcc9373779fee26dc407c45768ad,79.47
0xc07414f8fb3ee80dbf61f585abed4b8d001d17cd,79.18
0xe826cf83f03732ea35eaf4cd9627d57529feca4b,79.13
0x043e318a6c11970e3f7950dff7bf51657337db2c,79.07
0x5445f987ff43fe2b2c31b86ebfc585a3d6b02120,79.05
0x818f3fa1008b355a85e9f78004ca09ce3e8e5e1d,78.6
0xc1ad79ab00b3f63577ca653cdfda344e9847d4d0,78.48
0x37acfef331e6063c8507c2a69c97b4f78c770a5a,78.1
0x825d634b9d22da526ceebda4fb7ad4d373cfe2ba,78.09
0xb32b2fb57152a6091fba9fb4803e2df0097c55b4,78.0
0x22b660f6e6a007acea649acd028a8d057c15620c,77.76
0x6555e1cc97d3cba6eaddebbcd7ca51d75771e0b8,77.38
0xa1df7157e5eb60c4f9bcffb6a2f725a4b6492ca7,77.38
0x17e33637f6b64e9082ea499481b6e6ebae7eea23,77.32
0xd3069c9e486a8b77add55ae3ceb3a4b138fb76c7,77.28
0x26868de5c3ae8f03adc6a5ba231445feba8b8bab,77.27
0xe5dd78c224f26e306c84a9b1aa2def30bdf15835,77.27
0xd8595ac2836b7a8040f046e751b42088436b6365,77.16
0x1b26c22c1493df1399d8efa113ef99bb27ab9eb7,77.02
0x4758a12fb01dc7cad5741246b9e2eb59ae1ef38b,77.01
0x8cd7c0cafbd36d17e034497c0b472e28ecc970d3,76.68
0xff5269e8ae6a9f2ff2a93c770fd35f8ce71712f8,76.64
0x99cd4625a58c27df7616fd4e5caba5803a875cfd,76.47
0x2ef0fa1afc0ed0e9d4f01d3d8eb6930fbdd1c4d2,76.35
0xb79dd7a1fd1298b13771055c0bac2f215f4a13dd,76.16
0xa1872b9b494556777d2b3ac5e699cf7fb377bafc,76.14
0x358b532b553aa29eb0295ad72fa2c1ff528c8c82,75.73
0x6d82dc3a4a2a2db99c841f44444642aafb329537,75.65
0xe10fcdba98afebd0f2296a2c451034d4ca6d9079,75.63
0x9709a9f77d4349e1da4220f1458fbe9339d612e3,75.53
0x0e194541c0edaa8f4305bc1f313eaa1d30dba966,75.47
0xc2dc96ce8fa3eb81477925a20f238911e5f5ff71,75.38
0x1b1ef65bb57862c88fb3ca5aaab8746791928485,75.34
0x800c443d4fc0048d2f4a83d64cdec93a824be745,75.23
0x6a06a5ed081990f4313c03aabc70f5874aa43f89,75.2
0x9ddc5b469e02cd486f8f77f3e8fe831468020085,75.07
0x61ad994108a0d4b8a2dc60129362ffa62342bbd2,75.06
0xc64de5e0f97c21606e1f31426eb5c98ab729c08e,74.96
0x389135c984febdbb310adaf23a690dc28c8fa62b,74.67
0xd03ff5274e6ff0b43cee31cafe1c40324fe5d33c,74.67
0x197a78fe1bd3bbb64c1325c027bde8f67bac1770,74.57
0x00000000af5a61acaf76190794e3fdf1289288a1,74.53
0x3f3e7cd8be447aeb65c05eb6596b03e8c8627803,74.43
0x2c99d50eb4daa1d26b5ba0b1daab58cbfc0ac3e6,74.34
0xa7615cd307f323172331865181dc8b80a2834324,74.3
0xd4c80637f45a55b5e1afa9cd0c935395063d4523,74.27
0x30887fc55cbfad3487cb55bfe1779f6d2ba1c118,74.25
0xd7fbfb25e4e9e1950d68fef0dc72ab0f09de55b3,74.18
0xd6390178b2002a0758e8b3486fddc1c4bc23ebe1,74.14
0xd2a630451e597536a5850f34c48471bba9d11ea2,74.1
0x60fc976145dd135c6bbc7df9406a60e8c2123850,74.08
0x58df55d6ab2db99d440241a607d91898b9ffd046,74.03
0xb5b4c4f6a656e6a9c1fc301b206b99af95215245,73.78
0xc8bef1a50119389ae31d2e426f7c71bf8cc10def,73.68
0x35e283f461a9ca2e3a5765e72815c8d1dcb66ad6,73.64
0x3bab311d8386cc6ee340bf9dc54deacc7b73ea5c,73.57
0x427f2ac5fdf4245e027d767e7c3ac272a1f40a65,73.45
0xc5c04a665048403b7d7f4f5f1b165cf64385d9c7,73.43
0x1955c2b76b1cf245795950e75eb176080879da50,73.24
0x797f63620e62dbc83a5bc88c6a43494ded428cbe,73.17
0x6efd5dbb3e3c96c4c8bc7376aae263d1c0e7f532,73.16
0x4f5c0754c5f90e722d78964644bd29687b87c584,73.11
0x18ab13f62635bec69fcc1d2ce3dbe5e0bdef1b99,73.05
0x339cec7dfec9c95bae4e445e4af87de8c89313cf,72.86
0xe4829468c6b3c22c2908bc1c247929a8513fee7a,72.74
0x7186ce946a1bc87680ff0ed8e5d684ad27b3734d,72.62
0x0be0ecc301a1c0175f07a66243cff628c24db852,72.53
0xa574c53d63550e535c8b78f0e2a33bbe3c56ef2b,72.51
0x2871b76c348e12b88a28cef388d37326e85e2fec,72.43
0x1658a95d08bc44111a93f7afcab8444b7e8dc0c7,72.33
0xbc0c33fff2888a499a519a641a91f9d7dd270b71,72.32
0x0118289457e9fd02c05e37e27a11bd09d3500021,72.3
0x38fb71db5975ae9adc1842bdc032a7b1ed10fc75,72.3
0xf8e562f4f30c5dda0978857067d6585265da3437,72.3
0xcd0c599f1b6709a026978a75e0ca2021446e2ed6,72.21
0x7185fbff199928cbae71990ecb3cc4a7be2ff00a,72.16
0x4846e45c101a8339be5489167f5aba5fcbf37bca,72.08
0x5e41408192ccb2be827e5d0d5f6ca1c5e1513131,71.96
0x7fbe66206e5eb811173af1317bfa2a7838f4c270,71.94
0xf2fa954e033e92ba3c76fd4372d479c99f614ae3,71.92
0xd7925984736824b4aecf8301c9aee211cd976494,71.9
0x8577b84527ced5d2d9f299dc6027a9e049c17d6c,71.86
0xb83470cd5850de7e5943c4decc5620d48e4adc9f,71.66
0xf6ad502ac34cc67f3a86b4e6a4ea802409b0af28,71.48
0x848769e27677cf08059581befdb65f4af3d69b82,71.47
0xdc95913ea736a669f9518dc58b90b5d7ea2c8c8a,71.45
0xe641a5a9f35fd6ae40a42932c6d2cc34f7db34b2,71.34
0xff2bbb591d9ee23259e3e95d931ee59a61b2212f,71.0
0x0f3c2476fbf0ed09dff00ea7f4ef252dcc72e6f1,70.96
0x4c77ca7ff8e548806fdc88e4dfa8ea1e493a450a,70.86
0xdc19464589c1cfdd10aedcc1d09336622b282652,70.84
0x0006e4548aed4502ec8c844567840ce6ef1013f5,70.83
0xe0273391e1ef99e63216535b65739ab9154bc887,70.57
0x606420fc17e08ce7d85a5068cede5542c0e47128,70.46
0x2235cd349113837ffc6d3e41ad8f64a84f3d20e5,70.4
0x7db7da086318462a46327b8f2d46f457008cc111,70.29
0xab61719309bf30cda379b45ac33326b24261f956,70.27
0x425d16b0e08a28a3ff9e4404ae99d78c0a076c5a,70.24
0x3f70d4927adfad26eb7b1574eea7939d347d902b,70.17
0xae3c67b8aa12e458f2b4eafc0e9209710582c9d3,70.04
0x4654f56a64301b9b582f843f97332d96ead11ff8,69.99
0xb678853c57b94da8e6ffbf0e792e9c31788d84a2,69.98
0x0ae3a4258ce1b9b53d74f6f390c14c4010c81ad0,69.91
0x298afe764ceade43ba80ac4390195e8d9451d6ef,69.9
0xe2ac7b18ff15335b550b5b595f5e14864fd26e0c,69.74
0x7c6e177d9613bbbc80557816a19a342136b24654,69.7
0xfa540b8242565c014773ced9f0c45bfdd0ed1a8f,69.61
0xd8982cf39b93ca723ebbca49efd04d4777a9686b,69.56
0x029720a9b3ce72f3e1d9c79257e1f19afe20b6c9,69.46
0x5d47e5d242a8f66a6286b0a2353868875f5d6068,69.43
0xc373decd953ed7e4fd78f4c39aa41a44448fb6f1,69.35
0x57ef012861c4937a76b5d6061be800199a2b9100,69.34
0x80559932fa7cf2707b40f4541fcd93eec4ab4266,69.19
0x053b7f29bc6d95182f0e54efc86549938878647e,69.17
0x17076e27c23eb7afb9f5b555aae97fe06fc84e68,69.13
0x1f427a6fcdb95a7393c58552093e10a932890fa8,69.06
0xbc77738aa2ede049edac45a8a9a443c5415e6b7a,69.06
0x83bf595cc28722b5c4f9b34dedba90778a8fcb80,69.04
0xafe609643934ea392b8c400db474d6419234d64c,69.03
0x4d25819e9de2a2eeeddca953d1ef0182680a7054,68.96
0x8ec1675d89c4ff8579e461d593700292b9967b46,68.96
0x1f9aa698b3781ea29878036773a0df87f5325d98,68.92
0x10f363d941352887cd28d47e85e19e124ba5ffd5,68.84
0x1c0a8dd3c93f348a25f8ab4dc9a98f1d11b66d5c,68.74
0xb34f01dbcadb3ac64e14774e2943d3558b0f9a0d,68.7
0x49153cbd5b0c516d1320bc42b48c73548b73b678,68.65
0x5dafafbd7acd662c909a9601120cf1d9f277e8ae,68.64
0x4ae0dbd5c700c64faaf85678fc1fcdf6aba5c5dd,68.63
0x52feb9bf6f37bbd01309515feec062632f5ccb2b,68.49
0x248d09b842142ed5e4ec79d95e62baa46bfb7738,68.49
0xcd967d373a32e7edbbade887d5abd9bdf61de504,68.48
0x1af47c8e253ea38d13938e530801c1ff7a1c5a1f,68.35
0x3c5ed6bb48acad7ad3cfc92ca86259d06c918dd0,68.32
0x4a02314976a755cc5b7b2482f25170714e903a30,68.31
0x586b3f34e90668aee4ffbd94e7ba143552fa70e5,68.24
0x5081891d84cf21beeb950b59e445406328c61aee,68.18
0xa4fc82338d3753065d3a81652d5d73600855b2bf,68.13
0x986a303e7c685440cb3d9f8041e619a18dc5461e,68.0
0x0598df9ef51616e9c015a4f17918507259b22baf,67.97
0xbf5b9bd197e9dbf3f2ce58e5b1c35b1bf383b5cc,67.86
0x0c0b74126f0d4868750911d18ca74a174247ada6,67.86
0x311bf6e6b6d416a808adf524b2fba791bf257e19,67.85
0x06a437b2afcd7b6261bc26399b30f0102eae3af0,67.85
0xe7e3f293ff5be247e336f5cdb493c9ace1011a35,67.83
0x9b4e28020b94b28f9f09ede87f588e89c283cffd,67.78
0xe0819c89815a3376e2a9a02d77e4e4a8c8387adb,67.69
0x012c5450b22a626a810d376d5519878a914c3f2b,67.69
0x5c54f504e63a5b1353125bf787252bfd58401bf8,67.68
0x3e7dd7df9c1ffd12b8ecd94a27472bdc4d87ab7e,67.61
0x0029ab135b5be72168bf80f140d60a9264dbd0c5,67.51
0xef764bac8a438e7e498c2e5fccf0f174c3e3f8db,67.51
0xaf4d7e7b9deba33b7ae57d08bd8eae8ab55d8254,67.5
0x6bb1be45c80e14b6ef600df5b018df12a7b245c4,67.45
0x1ef0d50b1bdfed62a06ac67080443e71f7efa4a1,67.43
0x9a550b9faca1480be496e09d62324b754da14c45,67.4
0xd527c56dc2ac6a71f04242548039d07006e9103e,67.38
0xc9c50b55c3085606ff05c70ac8cbaf26240891ae,67.29
0x00e36307236118b7d5ff9e1fa3a2506fd5257b8a,67.22
0x57db5d6aa783cf29af41330569d24957140fd3eb,67.2
0xfdd43923340736ffbcb31c808ac644922c1df05d,67.08
0xffa7370a03c2a91f5b1847a90750489d05f52fa9,67.05
0x644239848c7b402d813295893db428aae7cc4cb5,67.0
0xeb23e02024b8b98dd988d39482ec4bc6d329199d,66.94
0x2d841e088087d3a447d198725291d485dfba024d,66.86
0x35d3da57064d2f5ec5f0824caaa839a43026bd41,66.86
0xb8eb4347b64999bd31498d3834833b383d59f4fe,66.74
0x2f47eb00b241eccce85f369a024742186920e111,66.71
0x0fccef1c29deddb1e2a007ee9c1edf63149aa6b3,66.69
0xcb71eb21f53a2f4de0f26dc90518df10be13d1ec,66.65
0x1954c8cd151de0d0946fcc1e8a97545f711e2380,66.6
0xb6317af995693789900f85b2d93d1dd0f5deb558,66.56
0xbbd6d2181d9ebcd98421cd336ace3db6984f4cdb,66.43
0xf3ae4bb5691b9d45461cdcdd4becb0c9986a3237,66.39
0x39610340570b25e3fa140c796b89b64a13f19648,66.35
0x4adaeef3521509a73d6f71177c4ee2cdd184b734,66.35
0x734e4c7dbc53aad51a993828c8b9009aee87196b,66.34
0x10df6a0cb091880a7285953b6e0415c696d53bee,66.31
0x9e9bf7495369e73e76e0f41c00481b16a270711c,66.31
0x628b42cf8f4b2457b5c8f87607a8ff11570fd4e5,66.2
0xb28cf9fcfaa079ff21ceddbfc7b4b2fb9c7bd70f,66.18
0x15fda64fcdbca27a60aa8c6ca882aa3e1de4ea41,66.15
0x64ead14ad73ac013dcfa181ca72c13e935fb3c13,66.14
0x3ee505ba316879d246a8fd2b3d7ee63b51b44fab,66.1
0x00000000b1786c9698c160d78232c78d6f6474fe,66.04
0x7bacf22f747f2f4b983081c0aa76dddfecd008ab,65.99
0xe1478cbf115c2d6bec1572e0e6a43a2dfadca15a,65.95
0xd9b99266c42d427bb3a64f30a0242bbeb41f6830,65.89
0xb141936c797fb48714c37f9168d8dedd47975191,65.89
0x6a29b1cdcacca805ae635f7d01db74b5be58d663,65.87
0x515d82a74a9aade721801da71fd35f09799cffaf,65.86
0x38f2cdd0ea4b38dbed40a36530313a5d89638858,65.86
0x13dc08f5ddbcbfdf6ebc04c909c3052a2aa7a111,65.82
0x25442048dafcba10c380649e6d371f8be2b877a8,65.77
0x0c31b6605686aa26df47eb45af0e4aa6639a5fd6,65.71
0xcdc65de2a7bc4b56d20e98a387c1528e58bf3441,65.66
0x4bb6d52a4420492c5d90f22fa92ff80ab481d961,65.58
0x1a6db538813dbfa63e1f19f8804447187b7d401d,65.57
0xd998171b51dede5bb420228f8ca6e349daf0fd62,65.51
0xeb4b6f1b452bbd1b9099f46ad7f2ffd9e1228cb8,65.51
0x3f94cd5967d3ca52f9f6df503779eef92b7805a5,65.5
0xec8e446c52f2d4ac9048aff1813c636ac8334fc9,65.39
0xf55868968409401ec70e3527c3dc50335ee27f4e,65.29
0xf8fbc9298650f49f9b6280ead636c1811c6ca1a1,65.23
0xea1b3a8fc8342590eb955f1a4194c007189b3159,65.1
0x63c410a066d5d12217b713ccac5f600a06ba45e6,65.08
0x6686e91a4259d1265d88fe168266e04d75db0633,65.08
0x0d5926184e886db1a736d88f0fb257be3f99ebd5,65.07
0xd5c01b2f8ab1e00b84fae74a354f57448f68d882,65.04
0x30caf91380d5911d417f5dada36f145897bc7f72,64.96
0xbd086f196c010be4d487a6cd54dee584439a54ac,64.88
0xb6cf25f5cf8a1e1727d988facdd47f1dfc492caf,64.87
0xae3f684105ad37dc49d8ae316a32fe9eef583a81,64.86
0x6a24327eba27b4640fdd65c2610457584fa1be14,64.85
0x98e28650cf30e5aa1b7e9cdb258522ec3cb57614,64.84
0x3c019229b2dc7fac4b725040c86d12aac48e31d3,64.84
0x3e03e274eb8c770d95b849230cb8087e192ee311,64.83
0x15ac14c5997e76322ed32ae54335ff284e6f92dd,64.76
0x6a0c50788e462f322959a2458687096994d66316,64.7
0xb73175a10dbebd97ba55fa6b869b1492492f75ea,64.64
0x35e86d472d1a2e37b9dbaab9677230605c6624b0,64.63
0x5a92bc71ff2cee03202db6b625cb074d588344bb,64.58
0xc18926cb21791bfbc2c8b5b80fdfe68a6757d819,64.56
0xa7f56a6dd807d40fd24f6e0f56f1bcab7dcccaf4,64.5
0x20aec996ce9d508a7f51b2a217bf6a87b6be0ef1,64.47
0x9c6d67c5fd1f78c3daee702b9a59183c0f4a9d17,64.45
0x90c3729672a0b7a9bb7553e76c477cf873e3bc33,64.45
0x836fd05a18dc13aa8885a718278e6a316ecca1ff,64.29
0xd918fe4229e53ecbf53de43c2a5b5e3aa735c341,64.25
0x49e325b1d06b6df1eb3a4fefd772f9ea58a3dda1,64.25
0x2b19fde5d7377b48be50a5d0a78398a496e8b15c,64.17
0xbc624225fbd8c27509fba9497341566ade14f773,64.13
0xe8bf424e047372d249d0826c5567655ba3b72f18,64.11
0x4d37f28d2db99e8d35a6c725a5f1749a085850a3,64.07
0x1cd2eb4e9b2efaf76fc6637b5d3ce3498d5c5000,64.05
0xe5c3f63f8621b75fb6c4148180e265a75f5d2995,64.0
0xd9a25a008d5e5973a7e439002327a62d56adaab5,63.95
0x6954644f7dae221ddb66eb59793ce5b6c0e2eec4,63.95
0xac211fc5e6fee8a23477bca32d9b9b7fe21669a5,63.94
0xe99b1148e185d2b8e4e901f60c0230696d3fde2a,63.92
0x0ba43bae4613e03492e4c17af3b014b6c3202b9d,63.86
0x794ad3af58b56522b80aa7e9bc04f042c55d5b2f,63.84
0x77feecc45fa31f2639d4c1cee0ccbf138387d79b,63.71
0x90acd0fd2aa57ceb17bea4b9a7c95071d94c5ef0,63.7
0x565dcdcfe95b344d4fce2c649bc292625e5c20f9,63.69
0x84443f61efc60d10da9f9a2398980cd5748394bb,63.68
0x57c41131600af2d0ea74d7a7ffab385063b89267,63.54
0xacec78653275b9a220ed2ec7714d52d633d10a16,63.53
0x822cdf10f5e8276da05cd25bc66b9b7aa7a0fdb0,63.42
0xf2b7b6a05d2e065754d5e1f56ec5f11d2154ecbc,63.39
0xaa95db6b03738794b6478ccd08626ca5335f4517,63.39
0xe5a3d77d7788a83f3549dd7f08fc2aced7e262d2,63.37
0x334ff7580ee92bb13d744cd309925560877122a1,63.35
0xc28e23e7d7d6cc0c9c6f08146c71e7d168cae45a,63.32
0xe895f40ecf7f32f3c57127c242f961ea93d0470e,63.28
0x849f17c54d6dda08162ef328131048d95b9b2c71,63.27
0xb0804b6dbe7159bddc1b6c9c00c796d94eee1858,63.26
0x1712808a5d99e8fa244079d50e2a3c46afcafb35,63.22
0x4e4c6caebfcf69a3cd6c6e8aaf4d0e9233c7c875,63.15
0x01da73c4ec1355f953ad0aaca3ef20e342aea92a,63.04
0x3566974231473a3456d2305fea0bb0944d2ed698,63.03
0x60ad81273c776aea562faeaa601ffc1680ae929d,63.01
0xb3d77ebc988eb7265f8b145accb27bcf2722ee0a,63.01
0x08439047b3c1b1c6fc9a6c62a1daa191a19e79dd,63.0
0xcf23abf7047685fb020ea16ee4feea3a195edcff,63.0
0x034a4081df0c5a039d05113a7d0b334083a7b084,62.99
0x6d4090db32d7dd417668489964c05ed6811671f0,62.97
0x357be6f14340b1a351dde382d78f37b643a9d5da,62.88
0x888ed928636ec2c5c0115dd8464005c9876cd515,62.85
0x121667b6690f5040c672c3df912a5aaf8735ca23,62.84
0xbeefdbfb1747399fed162c3b588d43a094353bd5,62.8
0xd0c81e82abddf29c6505d660f5bebe60cdff03c5,62.8
0x53bba5c7872bfc4935cb4eee63c1ba9bfc68212a,62.79
0x0358629bd27fa559b88d0f41ea3da28d057c3414,62.78
0x98ba97483c3bc8d5f1ee4e961a55fe372c19f08a,62.78
0x0808898d835d51d720e384e8a856a2c671e78f21,62.77
0xbbedafd5f399be88dac7222ce1caa9dd7cfd7481,62.69
0x7c65eeefff2b7127df173b43b7c93b93ab75c7e7,62.66
0xd2adb7b4df854631fa0f790a93b2fa25fad3f56e,62.66
0xb0e1088863f02b7edf67324d02d5093de9b19e0c,62.63
0xc55206f5063500725876c79c6bd14872a822627f,62.52
0xc8754296711f90fa9b1ee557bdd6c1727a034e4f,62.5
0xab95a0fb53df696a492a93f30fa126bde2493043,62.5
0x9c9550871c8d714e90ee03e610b21f156381bdf1,62.47
0xe212566f12ab57a7239c5dc19d4107d8a73d54d7,62.45
0x9ebcb75c803b4f905ca178346acc35d39d6048b0,62.43
0xcdb785569b4b5b7832af497e911ea893181bdb74,62.36
0x4794764b746913abe38dbc7a373022bfee5b4a06,62.33
0xb2ec4683e634899a82f9b5d6abf1aa22fe219a83,62.31
0x37de9d293350dc3fe3cb7a9339a94ba2b00a3668,62.24
0x5f72c7ca304679b07c527dd0f245f76b5d62ce61,62.19
0x02224db71bfb1c1757345d618018da7c9414ae2d,62.17
0xb16ee2a981cce4c4c075b2bd9406d5074da02727,62.17
0x9fb92708bf98d780b4dbe01f7da2456ba5a605ec,62.15
0xd573f0c39a21610393d645bc393c59063d07045b,62.15
0xa486f09bfcf38735a9572958aa164692286652fd,62.09
0xf11d95bd4c18e4a792cd3ffb581e2c30890724a3,62.08
0x2e39795540d8b971245de10ab3a402e185a47547,62.07
0x8e5f314bef229024e317a2cbff843b56f87fb7d0,62.05
0x371ee509100af3eb863ed61b07825a50b60ab5c3,62.05
0x6c8a3edf2bae56fe85ee46ee108adf99b49e9288,62.05
0xbfc54c36fbd010d53975ef38e90462c1a7afdb60,62.04
0xc485cf598a2f0cd43adbbccf4eee85a182746e4e,62.03
0x03a99d9235732d94a300bf7013acb11020484bf1,62.0
0x18de0bbaa2ec3dca4451b5a05d4a66cd245bbd91,62.0
0x55d44591fc2d4ad7a79df4784cb0d166ea697935,61.97
0x72c9dbfb16ec69ca96284de891fa81fe92c63e36,61.93
0xba2f752f7eccb6acffd73e532586050bf0a1fc32,61.93
0x5212f225f58b8cd4c1cf2a10dcf047449dcb5d86,61.92
0x284e835255c0865e18abc5f544bce5519422a1aa,61.91
0xa4fcd20d161f62dabadf89e30e418ea0b3d2efcf,61.91
0x885fbc6e02db6b1d26de3f73e80ad7f1ddc10021,61.91
0x81f7ef7586c7da8fdb0bb94032f3ad06ae21f644,61.89
0x2cdaedb560b5b1ade8804f891c0e0e083209758e,61.85
0xb2efed7767c53e919cba3cc725fefeafea6f5412,61.82
0x724487f080c9d5a808cfb4ef04402c9a4089563e,61.81
0x6370c6ca30253a2e188ae8dc8e9e852271983e7e,61.77
0xbf7faf866f2a4a003216fa224fe75bd2737d86ff,61.75
0x7bb389db8484fc975778993befe2cc44b6e05f4a,61.74
0x03e3702d91098350d057ded0a05095f703bba2e7,61.74
0x271577973ef200d19c15227bb41181416e248fb3,61.73
0x9d11b1e1445b017902e561ceb201f009b3d53a42,61.72
0xecc996953e976a305ee585a9c7bbbcc85d1c467b,61.68
0x1857ae37ba3005113f9809b0e19a2a6563ee0d3b,61.65
0xd38849fa99901d9c949e2508b104350131fb11bb,61.65
0x21f79012dd2db02712e42b8146bf15f4f950e976,61.63
0xe00d58e8a4850f231c8482681657501d0e49703b,61.59
0x6ebf73fdc5e9c245b8443e1de77638eb6cc379e7,61.54
0xa456da10f3cb6116110c61d0e9a150a6406d1a15,61.49
0xc7c37b0c7af5af560bf31b0bcbfec04b97361275,61.49
0x1558598e2e613b8bc1a904afd240b18a91a03495,61.46
0xa24f2e6dcbd2da9a220958401dab74b365bd34e1,61.45
0xafcdc9b44b3d9725d9bffd6c0b4b58c37d197490,61.44
0xfcf8dd90c50d2f7fd7b292ba6820ad09080442e4,61.4
0xbc45715240433801c7a92cf18577d20968884cff,61.39
0x6f43578a5bc4c6c893bad3c1598b69d1fdfdc692,61.38
0x898d30e6923f3e2abc376e36f143c6aeeb8d2b61,61.38
0xd5c1e107e2e7cca9ed66a1b3fa0bed5c80f9ae0d,61.37
0x1f88540813419e3ba82c6d0e62231c89d6414c46,61.29
0x4d42307abb9b2fc8b822d564bc05c505946de1c3,61.26
0x357bad6590cd50599e5c624947cacd917f6d96f9,61.25
0x285d23ea20ab8138e63889669b091704a1787278,61.22
0x52a77dcf83cf38f62f6857bb01c5c3c8ae11f4af,61.19
0x380934a5703937f9f5c8bf5cc4330863def5d60f,61.16
0x650858987c1c9dede58db385c50649668e817887,61.14
0xdb15485f9d4397a1687cb3f4b372acb9794a923d,61.11
0xbd0310dcb5678a02a6268526cce1c907e674ba8e,61.07
0x8329f48bd4c7a1cf43a434dda99a96c605d6bf7b,61.06
0x0fb3dc39816733c6cf98fcbaaab5a5cf808d43d6,61.05
0x7aa29d3158bc446fabd3196f54c01f86321eae32,61.05
0x70056d4450ddc31a61146fe91283aa3f645ec1e1,61.02
0xf1394140fe0982e40fa9a9846e7c5b0842cece56,61.0
0x7a937b0b8d5491fc5d626870c2e4f8e7f46acb62,60.99
0xc2591ca855f201ffe773a3d9223031940ed04af3,60.95
0x301db5e7a068874b2e2603eb8839371b4dc9bdcc,60.93
0x0dac0e020ce53159d02b06d062b61c26ef0cf469,60.92
0x56c3b93143927e79cb48147b5820c10fe9cdca41,60.89
0x9df06d2e25378f01a405c93310e289e8d06c9841,60.89
0x7409956e1d10a00ea425722565790e2c77c40ad2,60.88
0x5d6f8cda086a0837cdaf10e941f3d1d5e3e5531a,60.84
0x26b46c62a7ef0a545b8ce0f6f972da9394661bc9,60.83
0x24e09f0b6e050754a9ddee77d867a786a38339dd,60.83
0xc64737eae97ae7cfd95b40ff690f50d01b92ed6d,60.82
0xcc79da4558487033f9ad7db928377fa747e93309,60.81
0x2193fd6b2ab1c8d3a57afbc142d9c6a4c138c30c,60.77
0x7d7092cbbed161b252018a9aced9b5adc556a71f,60.74
0x2c966676139ff93e16e8814dfdd91ffca9875e8a,60.73
0xc1def82f71cd625c173dbd05f2d9788bb865bca9,60.73
0xd00ae74b8a2a0b3c17636cdcf4c4e72149f2ee20,60.71
0x06f8f66648cac8bd39e9cce036094ef4dd1b504b,60.7
0x56fe14a30aad9595b5fc05fa7922403cb6c2951a,60.68
0xb579d4f1546d51980499aa96a2e411be3e449197,60.68
0x8a81126532a690e21debb35832cdda8b9c29fa26,60.6
0x981c549a74dc36bd82fed9097bc19404e8db14f3,60.58
0x8ef87cd7ed249de87f255cd99672b337cd24b4e4,60.52
0xe191f4fbbe4629cd6c3408277756f865c46f0b9f,60.43
0x6aaa4bb5a36186ce99a2b8f871a7d52a34022408,60.4
0x8119c1642d1b4b41081c380d001e0243e8dce876,60.4
0x76df523a0b0ad72db265a893b0bead827697955a,60.4
0x229229284c0ea7c2a898765a5652fc03f0e35293,60.39
0x8c863333c2e92f02e01f7a3c6d131e4d59f78990,60.35
0xd04b5f64cc6f01b89bcf05c8d2286e9ba744ef85,60.34
0x460d3bd52259d67807f78b4cc2fd497e5263f51a,60.34
0xbccd001dad97ee057f5b1fc59add28af8f201ac9,60.34
0x248363c37452be586df09f4d961210fafb4059d2,60.34
0xe1f537cf4a129a4aa98f5abcf5af0090c8f1d478,60.34
0x6685496591e9ad1ccd39dd1edd4eb33dfa0b932f,60.34
0xe6b4d317bca041c3f57c6755506f9da528f5d1c9,60.34
0x833148af2e5888699feb9211c43bc10ed4b2187f,60.34
0x12bb7c38ef14c9edacc864c854c8105c8d7c7892,60.33
0x6d835bb6bcce3bc2cccdc88fdf32ef73f88400b4,60.32
0xb5a790758cdb6644305d1cf368b67bbba4c9a68c,60.25
0xb781779eda55667cb65bc41cad92c0bd34a5878d,60.25
0xaac0a48e88a8985f642b4dfe244530736e6929a0,60.19
0xe7f0079a0131ac252f15d4ea8b67c9c608229043,60.18
0x7e5cc565910c49b5e2b8e3d937427efa259eff0c,60.18
0x42908567c262c703bc58a14bd343a1b4c69b7827,60.18
0x64f898506defd0b944fa3054159dff948ceb604d,60.18
0xbaf99ed5b5663329fa417953007afcc60f06f781,60.18
0x3825c8ba07166f34ce9a2cd1e08a68b105c82cb9,60.17
0xc39f1316ff2cabc45ccb52f236e56947354845fa,60.11
0x238e24c06313fc8176bc6c49a0ebe86c2b0aabb6,60.11
0xe366d4ee1affbe1510cdd4190c02dd0ea7eb2419,60.08
0x67168517c1d0835147e2bd66e40a602e9fb9cbd9,60.04
0x14478ecfe5e29ea623d324039d04f2da22d14a5d,60.04
0x4adfc40e1da6d62d93ff2d650be536c969af550e,60.03
0x42b9df65b219b3dd36ff330a4dd8f327a6ada990,60.03
0xb69988a98a4f21c31a1cc42741305e454b062208,60.02
0xb5c9dbce29cb425a91438deae444b661cfdd2955,60.01
0xef0d7ccbfddde5d1022772246dde7160e29b6864,60.01
0x57c80ddae73d9c5662f86db5ca6301f0bc723f5b,59.99
0x41c7b33b8e7fec43e4f860f79c2a4314e3c54089,59.98
0x3861a3c9c3362a5276ea59be4707ce5700b9c304,59.95
0xd1c2df69261ce294f0f26423cac49dd2a5bd5cf1,59.94
0x4becca336d9d7ab7aabddabc7985b26d683f15ea,59.93
0x9b49d6295a1e9c16bf57044b80cc35fedf010c40,59.93
0xd8013274dbb3e5e04bcd3f5d8ca5c499e96398fc,59.9
0xcb9b091ded976546a20a409823dd6f5f092ffd86,59.89
0xfb9284715e9b0d08153caa34c35bfaed76edc31f,59.85
0xa057722e85988e6f58f5d02b7fdb1f630729e6c3,59.84
0xe1447914f234eb30f8725b2f564e60a655e39cc0,59.72
0xeb64340f380b8c2e708c390a1a6be7d7c9c1c4e8,59.71
0x0e7357cf17c91dba0b2bb4992c7a18c6138e1222,59.69
0x1238b65555ebc62a386e54f7a4bfb84fe7d82a14,59.68
0x26d8f0909a9bb3a1758024c90e8fd87f5d24d65f,59.66
0xf48ea2e715a3fd6af43dfc3800a3da9ae785d3da,59.65
0x30ed5773e9c1023a266483d7860a2b19fa4c736c,59.64
0x18ae0d58f978054e55181be633d4a6e1239aa456,59.62
0x0007808d13026d3245351759abc4f90a7bdd50de,59.61
0x2a62253e49e0f0224a6da25fc2a15beecad8d065,59.61
0x7c81f6ef28412392b7f0771e903490131ab74da2,59.58
0xe40afc776c18d8925199dcce78d0b06c9222b896,59.58
0xa5c3a513645a9a00cb561fed40438e9dfe0d6a69,59.56
0xa75365c0fc4bc8a907aca56c57361a8f97c6373e,59.54
0x9bb36404df5455eeb80205e5730631c6a1d64c9d,59.54
0x505e72764ebb80181717555cbf1010cba2fbdb8b,59.54
0x0aa05126f46862cb8cc097a4d6f0f47ddfba0a7c,59.54
0x0a1d0447cce6215e436d20c91a790767181602dc,59.54
0x39322594967022503ed1b161c7dbad3350767962,59.53
0x0693dbf1800f64b7343c40c3d7e64223319e6d57,59.53
0x6ce6afadd15996a6c3f3469105cb17e70b2d14f4,59.52
0x6316ff9d2c96b6b122e0dd632ab5831e0bf5bd10,59.52
0x138b03da5c5f7403fb1a9e9a272767468cd60571,59.52
0xe0bdfb7abb21b4203d25e6b27029a9d423e4f2cc,59.5
0x0b3c69cd19831da372f682ca593668ce73afa537,59.48
0x91400be76b7171cf932ae252390d2b60e2c73013,59.47
0x7d1b68ae2665b99369e39e6bc722c127f24efeb7,59.47
0x9079f13164c2d8e7bd970b8490df615436e0dacb,59.47
0x0c1264679f8a2bc5bb79364818df6a41412608c2,59.47
0xfcd18a06128e00059cfe14e8da12b9c4d833b65b,59.47
0x050d4a19c3e3d17e1252861694cead0045e78e01,59.47
0x6c29930daf759bdd2482cd3cf63d4ef8b48cd8bf,59.47
0xb6c712a477cda8374c9794d94c53d4d470984a7c,59.47
0xc57162bccb0666cec1d5f8a90112d3fb00405341,59.47
0x7e63ca5cfbb361b5d8e7a4314e408d483e2672ff,59.47
0xb696ff65d490aef049c1ecf53b2e8cb08cf580dd,59.47
0x7b483f380313d4242ff9692060058150d7e0f379,59.47
0xb95c18ad925c5f66d7a08817d86ab512aee386f4,59.47
0xf078305e5faecbe2ba0045197798ef94e0cd5225,59.47
0x89c745c97495644a44d19654c8adcaaacb7ec263,59.47
0x30ff536985e313b1bb1ce838e475d0c26d357100,59.47
0x02bd4446d6cd972a2000ba6b7960b5e87e88266f,59.47
0x1bfbf203765735ee5b41ade4684b64e371b07715,59.47
0xc6fc3631480c5f12a7ea9aaa35af32fd53976035,59.47
0x01b1b62f15c8fb5a87a27fbac7b85c33bbc48844,59.47
0x530bf34aa8aebf13a2b8d96263e0ac1ae5743a43,59.47
0x8a7aae939940e8776fbc795ed7e7379877da0db6,59.47
0xcf7c944369c4229f52c6b0bf8116917950a5579e,59.47
0xce32ac9f8e75714c0f0edcb5cfd2591c7380938b,59.47
0x2f163e2d07ec580c1714e703761cd28b85ae6c46,59.47
0x88db5c7e93cec0cf337abd252bdba6c51b8e5d36,59.47
0x480b4f0342578885e086b847b9095fd80b8b448c,59.47
0x0963262a868ebe3c716424ec82b8ab7f0f7cd249,59.47
0x5063d131c4119f7129d2ccda63a816b21d6f4859,59.47
0x328ba3eae00165f7a90f59c6d7a9891234a68e27,59.47
0xa8b6a1ff91a3506e05224ba87b2dc2c315b4057f,59.47
0xa649227f5d449e9cd18f02c0953f677c70ff2f51,59.47
0x3384d1e427597b16d7da467e25735e6b09e6863f,59.47
0x832acaf870dcbf231179fdce9411af68ade2f897,59.47
0x9c48f03fe73fe19c695255c179df00e7df138379,59.47
0xa44ccd91bf53cbaf57f188d95b2107bdc458be93,59.47
0xd986005d25bfdb3fd216e58f5b9a09677832e6cd,59.47
0xa3e759cc8037c7236be15b8f01eb91cdd2465176,59.47
0x4fb595827b764c412b42b5b63450ae5a7abdeac8,59.47
0x79b062583ca4421a0c97eb3458815051e6302343,59.47
0x032e7b7844af956448f5fdfbd23834952b60678a,59.47
0xe5af3696df1a0667e7988ad935bf7d465ebbf434,59.47
0x78f9719bd561a40abab1d524ff41ad3b6b5a02a2,59.47
0x5e68ff1ba096fe4bf00b6f28f3f7ba3fd20d027d,59.47
0x04a8eaccae89a2ce4271f42298844cbb38364590,59.47
0xf976b4ea12d7fb39334f45d1a0a002f59a55b50e,59.47
0xbe9ceaca6d5ec8923e39a9d16b5ce1ade453dc8c,59.47
0x8ea0d8e30df599019b242e9384e6c791626b6d2a,59.47
0xf642912af7a7fabf4339cc1e06a29e00742c072a,59.47
0x0249e001959568b0f9cd330ce0ee9a677699e0b5,59.47
0x43824fa069b08f5186c64a6368e3f43c9fa7a6e8,59.47
0xc2de1c6f3340c5b7a3e0a5069396eab51383563b,59.47
0x23c23b2b98a2ec867138671be7474772d7d511a0,59.47
0x8be346847f6e99a9aef159467dabf5e401255c37,59.47
0x3e7a1536a925d5fdfc3c074f0a57f78fa01460eb,59.47
0x54d7469d03ae24d60094005c2746fa813335bda6,59.47
0x201df8201d9d0db92a45a21a50e4fcbb00b18839,59.47
0x2c910f9ffa2242d1441c801a97362bab102414be,59.47
0x6beff9ca3c621044f04a006aa90d5be74f02ff8a,59.47
0xeec58e89996496640c8b5898a7e0218e9b6e90cb,59.47
0x2b546d8c42f6b74e9c50455d0b8577e26662387e,59.46
0x148426fdc4c8a51b96b4bed827907b5fa6491ad0,59.46
0x0a6afb591cef197bd25ccc8e70a90909ae46c749,59.4
0xf38c5cff3ef7040b5835d32f58e03f849beb4486,59.38
0xda5b2cd0d0bb26e79fb3210233ddabdb7de131c9,59.38
0x6378584a7b7916b303fa9398f465f92647033be7,59.38
0x0c4b47d7eb199e6ed3bf0af6fe2ab33df7faeeeb,59.36
0xe34499e72176bc4ef70f32506380d9242e11a6e2,59.35
0xca8119e97013879b273711e92eaf9b8e387d77f1,59.35
0x0276dece5594a6db72e044c85488519a18f9e462,59.34
0x2d0b80e668c4ab4f90a912eb21cf292175f64838,59.32
0x98a3093d0ecaedefc4fa01f1a44c6a8e8088045d,59.31
0xeb9baefe6f2ff96ce96c365e050f8810928ff7d3,59.31
0x6278e3e957e1aa5509a105cd90e80fae095f52aa,59.31
0x1edbc986101495e0cceabe83bb2131a730cf9914,59.31
0x52df0f94fc050669434f37110769e2244767437c,59.31
0x6ea17cbf58bb92adff6cbaa93529f90f255a7654,59.31
0xad84f4dd1732c1264f56c65ad2f93cc5315396a3,59.31
0x34be77bae1592fce28862e21f18620ce3ee8bcab,59.31
0x77b67ead0bed5a1d63d2a41af190a12edc663746,59.31
0x39c3784d43c0fe8845396ff1a9dde62cd4667d3f,59.31
0x7833024b8ef744f3d0c332b95c8c46b284ef5c20,59.31
0x7e07df4494d448171991604cca6ff9f4fa187178,59.29
0x7b325769124cce64277ebeb4d6fbce65276809be,59.29
0x071a79b04021baf1b6f32a5c233c7d01dbde0e0f,59.28
0x71bb861eee90ebc82e9ee26778309560fd361538,59.26
0x7077c42d295a5d6c6f120ffa3c371ffaf0a0b79a,59.2
0x3c2cb7943e7d0e42e55de96983a34a732dbb7816,59.19
0xf4ba1b19e8065adf06b1e168e919836730304b6c,59.16
0xff205781433e439729801b2ca5a966f58747c254,59.14
0xac0c75c77fb9a4f9273c8893a159d1e998a2782e,59.14
0x76328440d2e9ccc4a27244b09b2b3b21ca51f896,59.13
0x214e612ea50f2b38285e7d3a1aa429183f2f4a06,59.06
0x214efb44ae592fb436cf65a21c45ff7d638dc98e,59.05
0x931954dc25c93b7c026a31de88edc3bb2466cc37,58.97
0xb62675a9aec9a08524c70f9bbe57be4a5de40508,58.91
0x2e357353d15ed4118d2f8f4cf71f5d287f334f93,58.91
0x368a2d5cd67bb2c4c742d9482aa09f3126aa0f52,58.89
0xea431dc0b54a79d1c22f63db97f5dff638390d98,58.87
0x413662ef87c5714c0f91294b3b39f5ec4a84875a,58.85
0xc49c23c4d967c7fcdeeb6d74f424054a68d12809,58.81
0x3329129b6be4b66fdd9416a568cd36ada35cb97a,58.81
0x2016e0f2b8c54eba03b6d782d2cc1c3ab8c43728,58.78
0x7905e1303ff125ca4625daf4bf17ac0d26bf53d2,58.76
0x2d19f32620f647d08fa8b9a0fa5206fae15c0ed5,58.76
0x4359bcfdd57c84481cd30233a752c1dc0fd32f11,58.75
0xd84e11bee5d555ccd905817cb8cbbd5b6e6c4f0d,58.74
0xb2d77604d28ecbd4484065cc1e8b16b77ef5c5cc,58.72
0xc209cc607c81ca7d8c0bfca7bfd6144c74a7e238,58.7
0x6f3deba69e2083020da61c38387636231bcb012d,58.69
0xb770d646a7def08adf46905a0109887ba4062ea2,58.65
0x2db428a3b1241f7590b05045b233f97d94269e50,58.65
0x5ce259aedcd14038ad2c35ecaa7b6b2974d339ac,58.65
0x0a80c3c540eef99811f4579fa7b1a0617294e06f,58.62
0x1a7b1085d20ca63e9f461969e21c021f92a7874d,58.6
0x2142efcb2870affc21b4f2ebbe3976f446ce2b90,58.6
0x9eacf519f5a1e072339463a61143602e696c751c,58.59
0x8f56ce34d90141e3ba9d78f43bbc80b510de3e9b,58.53
0x47b2efa18736c6c211505aefd321bec3ac3e8779,58.48
0x6fce8581682444974f493b4f188b089403c9c4ab,58.46
0x33cb4d0f57849b5ff7c91f8ac3e2a2d4fbb55645,58.45
0xed60eac23f638d2c4e28ba681a0539b7e63a23bd,58.42
0x53cb1ddfefdd43a6a0f6f69ceac8f531b12bb780,58.41
0xbfb7a43169b206e34d582f86c34e80347d170e2e,58.38
0xa145713ef23088e42ddb26591d0ce7562a96e055,58.32
0xca125321e0a8a60d882f1b38fb7077aaa8eaf53b,58.31
0xe70fe418032f3ce1fbdeb5508a0b7cccffda6d32,58.25
0x6ec440154dd9c34e01d54779d55cd861de77db59,58.25
0x5040baebb06a7699867574db0945f9c629b8b2be,58.25
0xa7b95d2a2d10028cc4450e453151181cbcac74fc,58.25
0x16ad3f1c89ae9042f61e2437fb81736f5d3a60c4,58.19
0x8376b14104dbf0642a3c2adfa33793cfcb0b8d76,58.19
0x00809b9263aab2856bf65be3d3bc3fcb9e19c1fb,58.19
0xe51c377490b46fb13863765570da529a7a1470e1,58.18
0xdf9efb7bfc07b9e7164a5868922afba5042835a9,58.15
0x39bde2f9254cfef7d0487a27e107ef6c1685e44c,58.12
0x17d0cc96e6538b52f16c3ed03a2d3e6dd91bc50e,58.08
0xcd823142b266f3da24d16f761b4a4f27b7a13596,57.93
0xa05e5c069625bca6079ad251c31030c95110c2f0,57.93
0x09a0da7289a60809992d819530833f4053124090,57.9
0x44690cc3c6a8098406f2837e9e1780f32f0b3486,57.89
0x23b8cca9b21c884a7ea65b527e88378643712acb,57.89
0x308c4a67eb1480e739cfc18d0fd8805c55dd8402,57.77
0x472665259bcf447cd5d5a3c15e5ad8962b925587,57.65
0x03e294fe1d45a28139972c4e38bc813eb827e62d,57.65
0x4806688dfccea461b645f08b9cd2f695999276f4,57.64
0x5d294292439fb1ee1d03be683dc283c4dfbb7180,57.64
0x7eed3201cb5667498b1c47215b560a45bbd0e0e8,57.64
0xa218a8346454c982912cf6d14c714663c2d510d8,57.63
0x0e94f1210151fbf7003924efa56f4a73f8f8f507,57.63
0xcdf449b5c9bd2a725319163c3e7f2d7222c4d8c9,57.6
0x0e0ec712b3912b5601216455a158cf18152cb62a,57.58
0x009b6817807c332b9445f5c9cf2ac94631fe876e,57.54
0x3b8c618bfdded6544b27ef67cb71043b30655514,57.52
0xb19371e6452aacb217a28397b271686f1809cf59,57.5
0xd5c91f3ef6610dd5b1428bf9a67e3c03323c65f8,57.5
0xea58392c30bb65355d555f772f6a5c69da564e61,57.46
0x9ce8f85083fcf364467a827cb15730102306ed1c,57.45
0x6168bb05ccb4aaded0169602bbb6e3cae12902c5,57.45
0x8ec5c5528db3f1c6d8e3c4256e87de04ca7fffdb,57.42
0xcd0b262216e710717b8bbb2f28a070e562dced38,57.32
0xff19ad332cc5bb32703a3058c6f93ce177cfbb08,57.29
0x9a7f8374f79b01a49393b4d0f1280b64807757b1,57.27
0xebe8e5d92957c947bdcf9970fdb9898632fdca80,57.23
0x4ef02c30fd96c4da70473ee0ecde7f6a595448de,57.21
0x2b356149ad5dc8970f8666706d32c171a13f15de,57.15
0x825d4f26ac2f18dbd1fdee85c710abd6aaf78b7d,57.05
0x601453dd6c5d5fdefe0287df5ebfa246e2152e71,57.01
0xd888dafa1df40c262c10d0479b9f0b8d8d2cdfc7,56.92
0x19360799a15730fac556088793895aa7650ee442,56.9
0x75086316ae15b560186878cab2aef4db6b924285,56.89
0xe4b0fea2c1c6c90c356bfbbe04b7233a3f144c00,56.83
0x009b56330ae5ec5042b9ca46ddb3043cc0d006f3,56.75
0x6365ca7eeac872310727dacebfd5c31fe9ebacea,56.67
0xbed4e3cd89918563a9ce4b04cf5379daf566bd53,56.66
0x3b38a44e2c4902c4734c552dd38d1cd6f91cfb2f,56.65
0xf8619187723d284a9bdb65384191b473a6c31412,56.59
0xdd20489fdfae08b53865a22b552fa2b90f409450,56.59
0x289c23cd7cacafd4bfee6344ef376fa14f1bf42d,56.55
0x84cee9fd767980ff0ab1bfb91f6d938613eb2c0d,56.53
0x77f66250f55c0955d60904d902b69b6771f78fef,56.52
0x639e4bb8d28d477beba288da38696948df14d68e,56.44
0xa0c903f8795172a7915e68f5c06df10846d938d0,56.42
0xa43d0765cbe4d17830fccdb27a77fb22dcd5bb35,56.41
0x9a586521db706d1b626737d03c3f59fc1ced8df1,56.38
0x71a8d301014c1e4fb3fc4b281a5eb5b6042fdff4,56.24
0x540467e4d66cea16598240ba82215f459c9b988a,56.19
0xba333f8ff556bf35d38e102a98daf1c5f6d9d708,56.16
0x4ab52791c736bc26d1933b4940ce8454e0474d03,56.16
0x9c14b155d57962c26e66bd7fd9794cae483c6555,56.1
0x7a1fbccc781593de822e0547f8cdc6210c982d61,56.09
0x502cb8985b2c92a8d4bf309cdaa89de9be442708,56.07
0x29bc5fb2b177dd3432661ee5c67e7d7008350fcf,56.02
0xb4756d65812236c4c82c768e7dcc58adb6cac975,55.99
0x911809517285207390bcba7a73c717cdd6138bc0,55.99
0xeba6449d1a6336166e34b4ce84dd59406ab8647f,55.99
0x10aab4b0ef76aa2ac9b5909e671517a1171b050e,55.98
0x7e915cf29c5568e41493a4cd58e8519c1266e5da,55.92
0x7fd6558b81ae5e2153f0ec30bbe5d22268f17e7b,55.85
0xf1f0c294d247e8691d1118a86ccc669da3c75ca8,55.82
0x2aefafa691982dd8431b03e584988b80c5c0b977,55.81
0x7a222200f9be6d645c9650b34f3cecb9cfbb897b,55.75
0x43e1f62f0b538ab3d01c33cf16898dc941f03066,55.69
0x1564d040ec290c743f67f5cb11f3c1958b39872a,55.64
0x506b290dec05156fbcafff81b602e4b3717e95ab,55.62
0x4b2acb5a7fcfee322ce3cd8344ea466954fde7db,55.59
0x0e7644049d4db2aeaaea2938aa634179cad5954d,55.52
0x285306442cd985cab2c30515cfdab106fca7bc44,55.5
0x7d07167d55edda306f7efb9a43a15a9b899698a7,55.48
0x7f8e903f0b33793ee3eb3e1c96f1202bba65221d,55.47
0x10f546a6f4d20d91e5a8506124384759c9f4bc79,55.46
0x794dec90a3b9e399aad7839fa39c17a521977cdf,55.44
0xe670c92e93f88761004f86b28c101cd8b9ca57a9,55.44
0x6eede1c561f85f99aa5036bff1a950b615bc185d,55.36
0xd80490fddad5b4d57fed5b649167c6b8259b63e3,55.32
0x0ac56b5c0d8d798e10bce16a43f5959d10416fad,55.31
0xb9b78523717e42494c2aa6ad07be9ccb4b09be7a,55.23
0xe7683d0562086a88c1b9b32f8763e3ae6aeec502,55.2
0xa03143e4cb76e40a19885c5c6cf2964417acc394,55.2
0x54207b53c1d2c47b4e08722e8a0009994d57040a,55.19
0x06d57af6792edf066046aaf958d92ae5558e0e56,55.18
0x520cf366149d9226f3fdfd876916ff8509418f80,55.18
0xf5802fc338925adcbcf3627c0c9b1de8a9642ffe,55.13
0x03cf046a623dcadb6e13d1ddb94741976ae525ed,55.11
0xa9ed59f14903aa3409fd6765d053f186ac4d01ef,55.11
0x49a1eb39534f378722036d41d3ab5c92e86b55cf,54.96
0x6d2af065ccb60c0f7e8ec5907c961c42a3447127,54.94
0x8eeb3170eea4135b88ec6c058f101d41a29d0cd2,54.93
0x85e27d0255c975129b767eca9c8163f31b0cf296,54.92
0x5cb7290485dacee87e884dd751c4a3950fe41457,54.86
0x488d2ec84dff06f078ceff672d01541c71890cd6,54.82
0x8c0c78e6e81510b96fe34483c05ee203a1f0457b,54.81
0xc766ca67ed7216bf6f67e449f9789daddcc0e9ee,54.79
0xa16946a605ddb755d3a5774b6124f97fed1bd1e3,54.76
0x388b93c535b5c3ccdb14770516d7caf5590ed009,54.74
0x5ce2f81da74ec5a3e20f27a94da4dbea5e5d8a6a,54.74
0xf9f1cba474698d50466115ccc3a3c027b5cbacc8,54.74
0xf2db783b92cc8f188c2523c9ac5b7698d0243e05,54.73
0xdf164e23284e615ae14db1d7a8b5375ffd0ff65e,54.64
0xefd0199657b444856e3259ed8e3c39ee43cf51dc,54.61
0xf0ab8776883df3bbda2c8f27b2dce8b3609d88a4,54.6
0xe364d707d9929e1685cfa3914ee427f9d4a89675,54.58
0x9e4467c1839514ba0e2240ef81a89e40984f6f50,54.5
0x8dbe431939b9c323d42e6ab160870a01f1d09549,54.46
0x0618e076e4fe252b1b73a83c239289dc12055ea3,54.41
0x81da4f0bcea8d330d790da28bf5349d29ad51fda,54.39
0xd76d50c82fd63445c88a6922a3b248f8c80ea75f,54.35
0xaef23ca0ebdfa98c036e724df028572bf89251e9,54.35
0xa010322f3eea1004d16e1687777440b78f2e558e,54.3
0x7fabadbdf7c144c9e76ab630c8f3073ffeb5176e,54.3
0x9b4c75ce8d7006620df39e8757ade75d6434a6fe,54.26
0xe0eeec7010ac9f74a947d70d43173d6765844768,54.19
0xd24e0a25b7a581d1adadd30c14b009047890e6f2,54.19
0xd1b7a30b02e4ed79025204be3c919d8f28457ab0,54.19
0x2577a8539cb2194acd72f035dbb691ce5f406d3f,54.17
0xa7f3dfed2bcf7b35a8824e11ae8f723650edfb58,54.16
0x5412d651eebac8036e13ffac01e50129305e19a3,54.15
0x3c87b4c34abdb615bd405458982e1a2076d24111,54.09
0xf31fe83baf9bdc2a10ed1275db3372a0538328e1,53.98
0x4272d4cad0582720d2c328b8377d5ab5311c636b,53.92
0x8ba4d6af19c3d81aa007ca9476f726896dab14d0,53.91
0xbb6d1a9ca8e7f56a385c0808e68627d93193dcdc,53.91
0x64ae361c1c55f61a02d2c67a4c78457d5169ac56,53.87
0x638097b8e878942b2c762301951cca619c92c095,53.77
0x683a42e5b414ae5cf79ece7e369ca5937fdcdc11,53.77
0xbc9c92922d98f2896e173b6c197b7fc1674324c9,53.72
0x2a4e6c78f12333481a6d932ba526eb56bd64f008,53.71
0x172ea000fe0e1bbbde64b95cb11dc469a880ea45,53.7
0x39b8e8bc30bb95bdf45a623d5f6fbf2c47785a41,53.67
0x09ae8298fb048e0c7b12f6ac0d38c6f0a2430e0b,53.66
0x67bbbccddd394c2cfa15d3958904858b21040cc6,53.66
0x0470f22d198f15514085dd1fe72042d31ecddfa9,53.62
0x22980545483189fa00cc8fbdbe4fd31598f217bf,53.61
0xc3aae58ab81663872dd36d73613eb295b167f546,53.59
0x53c404d148a5c7c164e259f07a87429ad79c00e6,53.58
0x32000b565101e495d6e4b531d8251e0a0b3c7341,53.54
0xee37f338220479c8f652e3557f02513bdb11c160,53.53
0xe2850aeceac7e8d955813100098606bfd1a01fdb,53.48
0x199da66fea63520d64b213ee3e7eb7cdfb650d62,53.47
0x010afb8548a5d1a3a3d62f58ca0a5a1329974206,53.36
0x9fb42f7dd10ae05ae505e76b52fe0d0f4c0b3107,53.36
0x9d60f73fd206f3c35dc07a8f20e30bd2fcf4c8f8,53.35
0xd3d555bb655acba9452bfc6d7cea8cc7b3628c55,53.32
0xd2346dbe4fc52ecfdfeaccab5ef1efaa0851c21d,53.31
0x512fce9b07ce64590849115ee6b32fd40ec0f5f3,53.31
0x4aeee08c3187fa1ae768e6264898397f339ac334,53.27
0xdab02b8a30f1766f05ab309b5ff19f9641e2da6e,53.21
0x380e92c897b0856cc4ffdd0accc21ba01c9327e9,53.21
0x49f946f18ff378ce1f594b8ba7bb9222dad2c40c,53.19
0x2b354cfa9170febc4829d499af094c70c7920334,53.18
0xcdebcf59ee33978320ca2ebcd433ace6144c63c4,53.17
0x410c8568c94f707008bb7a5afd36421b0cf6c307,53.14
0xed2b02a3b74b82f728c2fe382d99ec0dd5a5cb40,53.1
0xdd31ff903bd520af3d3d232089e3c7528cb3f196,53.09
0x47cd602ad02d7d7da808d1af05025e20ec2c7916,53.01
0x369919a3dab8d5623d333aaa2a5bbe96115d402a,53.01
0x07326cbe4792e8e3c1f61c66fefee8253eb2db0c,52.99
0x1929a0454cdd4d925e8fc9b6c366ecd7844866f2,52.97
0xe82941e727d84f99329b94381e67a94524963d05,52.93
0xf4698ee4f8969ea513c3d15ab3b7e4814767c9ed,52.92
0x005839abcf30fc149dbac154d62cf00ce5a18351,52.92
0xffdc0c7dff4bdabc76e69f1ffd0c11d54b21369b,52.87
0x9317e25590aaa62be015aff026702f3b960131a7,52.77
0x2075fd8f519895e488fd3b3dab1d41381a1d9ab1,52.77
0xa918add8803e65e97410ec42ae359dfe6663a8a6,52.76
0x988136bc3201ce5f8c9b8c1501c0664f96dd0a3c,52.73
0x269e30242bb6edb87092417399adffc7cf3015c0,52.73
0xfdc30eeef0e0bd0c778df4f296e16584e6de7aa6,52.68
0xc9004eb172a1cf5afca47f38bea59231fbe96406,52.68
0x4ef2ab73ef2214ebeba6f087a8dcf89731504301,52.65
0x9b43f18a251f85d168ccbc25724818070795cfa6,52.64
0x03d4695df4b8d321d31c94de8f430e3450f50498,52.62
0x14559df3fbe66cab6f893d8dd53f7bfe68de9c65,52.58
0xfc349f1426711757e26910285ee3e4c2f673250a,52.52
0x00b8fe7c85998bbab5e71d2378e927b554b6d78f,52.49
0xe7186c0c4e6b249a269bd7fa3c3e1da54250c18b,52.48
0x336a566f0cd19c3379676f8932f26c9b1b1aea66,52.48
0xaf9e08f3020e624c945cc446e8759602049cb176,52.44
0x0e532f71e574e0d2f421e381e4d1ae2c7097b7c8,52.39
0x2b32c3ecaf47ed3ad459565c472182f56414c9b2,52.38
0x351a7dffbe4b4eba06a0b583c970c4f83e89835c,52.36
0x3802746539177b3e0dbae6b105ee18ddb11298a3,52.35
0xd4eddcef8643be102338e1d967d2516bd8904fef,52.35
0x63dca371cd34dd6bbb56adc350fcd534b75b43ac,52.34
0x1b1bc8b714737c8456a0590d307d73da2a4d9249,52.26
0xe65187714eb725c76012defd18ab7b495fb25f31,52.22
0x6976b21f3c91bd112aa41a6ef9be5212852db6f5,52.13
0x8b2a91f8ec35b375a2647881c143de39293f635b,52.13
0xa11b4c17f11c3517679477d218a2bc2fdcc6dd2c,52.12
0xfddc634939d034bda830fb7929e115747ebd9574,52.11
0xb587e5af7d7131d5c0de77efda2979951dd6889c,52.1
0xdacb1734b3259d98c8fdc755993209f9c4682cd2,52.08
0x2c6ddcc3c25edb41235cb1afb515390eec05dc82,52.07
0x7a68a38d8670d91c90122817cd0f06212cd4c8c0,52.0
0x445c55b9a5338c45eea6f4cc9c1840883729a878,52.0
0xd3609aee138dec27fb63395dc58b5f0c7ab701f2,51.98
0x45fbeba74005f56d3419538f2770a09b0629ecfc,51.97
0x4527c75dfc50a5390dc663f81b627c39e7b9acad,51.94
0xa9bbd5b83ffc706342555e4a38c9c06b2e7441e5,51.94
0xc740d60f7185a7f315d480e84efad02e76153d2d,51.93
0xb082ddfd74748b763f52f04558e5f814a56de67a,51.9
0x01c57220b9210c272ddcab9ad6794654c3b3d804,51.87
0xa526ec38e974785d3be42ec23f9c2a2dd849e085,51.85
0x00778a211057c47a9f8885750bbf48226771bcdc,51.78
0x8483c36132bd401873c4ecb6d0a886971a0feda1,51.75
0x1bef44f33fca76aa7ae9c6a94555cc9b9fef39f7,51.75
0xd7c54a8aac751b5aec70515456d85fd81577e9f8,51.73
0x6655459bab7a5e99f2d61279316f6d0a465be784,51.69
0x479cb37b53d5eb04b6a337ac3d2ea447619eb87e,51.69
0xa85efd19852f56990a708d5d38d49552e8c75512,51.66
0xebbcc9b60e2b819f2758c205c8cd986133d21005,51.64
0x98d29f6b55b59cef1d6c4c9f9b065302989d23d1,51.6
0xc96f1c09466c1b0fd150820f872b5e792b0a149a,51.6
0x6d3b804091ea0e848d77c403239d89230bee1dfc,51.59
0xf55e015769baac7e5861cba62ee775868c335cee,51.53
0xd80c8da4b37cc49a5ef4521fccb56052378b1c78,51.53
0x6f5c5b10993a67fb1a65875a2e9db38906fc62cc,51.52
0x70e393bfdef315c3037b809e5c35a214d838310b,51.52
0x70989eb1c07f5e3b42181da97732bf4065154ca8,51.52
0xd34b49026e2822cfb8b10618d54c312a07139bc6,51.5
0x4e421e523db0a79f8d55dc3dad8304f56a7d0213,51.49
0xc0d1da3600993b1abfa47ab499cde90be4597914,51.47
0xa7f2ff6c6b16fc1cb2499d60ee16f2ca39f970df,51.47
0x479f4e9c7a8b4437643e868fb27df90abf0a6116,51.47
0xd4b31a616b5c2bd6fa09dca10b69ee70c01968a4,51.46
0xa1fb07d9f100365b62c3913bf4cf1c6ede950be3,51.46
0xf1bce30fc2f7d67300d813ae91a63cee24238fad,51.44
0xdbc9454541a32fc0cc1b76cfc674a76aab6233a9,51.39
0xf1b62279dd4ff8d0af244bab1efc59b1d7f778a8,51.37
0xe25b6d71bab6d363de5a5d20fbfd6e507760d3d0,51.34
0xfeb79a4e213906571c20b6d6a1a3dc45d8355c1d,51.32
0xcbfd6ea8537b5a558aa058b603aa1256047f2ad5,51.29
0x9dfac9bbe1119da5dcdd7b095db40920cde878ef,51.28
0x17f780e07e5525c20bf5f22b6c650052fa8605ab,51.28
0x24e8bb6a37774d8a0187e196beb29601ed5920bf,51.26
0x7ffdd8fefb6085886efe2651943bcb772432deef,51.22
0x975794e77cef9a03b6df8802d91240c51729231a,51.22
0x87b020f58f402231e9d80340dd22c1c84ba0e1fa,51.2
0xdd7c40ad9dd3ba5708e3cc6deb90fcfc37933e09,51.17
0x9edc97c4f8f87ac6c178d1a50db7bc60a0c4a491,51.17
0xffff2c1d5fa3f7dc16902c3f4dfc56b138474d3e,51.13
0x5104efc872d45dba3a97bf02aebe240dfc283321,51.07
0x8f9e6dd01128cc3c148902ebfa648bfcb68ad1ce,51.07
0xb58f9800f74fea404b58f94ca3685d97e4fdfbed,51.02
0x0b9b7a99308064bf1238dff693237429844fa623,51.02
0x4a05b10f49cabfec5c8d41b804fc6a7303efe02d,50.97
0x574ccf14154cc872e39ca074beba10d1c8add1ac,50.95
0x11966fd9273654925e0e37a481ffdf7f74567659,50.92
0xb435871b0959561226b4d903b1abf79528177e81,50.9
0xddfef50c7919c1f331f6c0d018a277e40d58d511,50.9
0x7245386b3e4d58a34eabbc32879dd95f0df697ba,50.86
0x2ac4aed3a8295b967583a131f6214297f1ea531e,50.81
0xb819706e897eacf235cdb5048962bd65873202c4,50.79
0x88512e57cbe0926b034ba5437d07320c97dea378,50.78
0xb06068f25c6b6944593a91d36a8e4f88985dd846,50.76
0x7dac5dcc33e665640546d2db1d3fe88b27e0082f,50.73
0xbb22eb7e30b29f5e15f7eea19b3523e80b730509,50.69
0x8e2cc56a39916a22fae1b67429d6b018e624d9b0,50.64
0x990428e696684dd85e3ac268d8bef63ee5d864dc,50.61
0xf48e239bacc7cfd731570796a3aa4f324139c888,50.61
0xf3d3ec934462730b389878448bdb191b529e9b9d,50.54
0x1e0fdeee3d580105dd8dfee82ccc4bc28ac3ffb9,50.53
0x04666380427129ecde2b36bb0e5888ea0db9f79b,50.51
0xd1aad7186a15f0619dde55d74bdde39df404ce9e,50.49
0xef73776fe0820387cb210c185d440e60648d53f8,50.46
0x7d8e6cfb1b8709139631cac4cc458f63611ffdf8,50.45
0x9e3debb15bc97dcdb5ade6fe1ea171bd7256a5f1,50.42
0xa5556c6f9eb72c68e92bdeacf70cea9fc9ecc7ee,50.41
0x8c35b33aec81f4aa0c048b79542ec19b3e905690,50.4
0xfdce7a3d5ab544935c4e1e081f2b498c035ee434,50.4
0x798342e1a0f01c5084f28c122f5e391fcd47e4b8,50.39
0x9418f78a010e66af9ac9a0fc569a7cc52a2d2ee3,50.39
0x1067eca4d06c0975ff56a7ccf3cce59d18f589b2,50.32
0x402a75f3500ca1fba17741ec916f07a0c9db195d,50.26
0x985c0748a95d30ba0585dbc33c4c366a56be8ed3,50.21
0x26f8dec326d157f5cc2fcbf977953a44cb6eb106,50.19
0x01b29eb97ec05b81abd72b77035d99dc1b482c1a,50.17
0x28552ea8b232fc63d6ce69692d8a723efc5d4502,50.16
0xb210fa87b8b25c26648a4226ed0fdfaf5cfea736,50.08
0xe20ee1d250c8d3e0bd140306121001bfdc7a1201,50.08
0x6ec25e69f054d97d652044d2d014fca9e4d15614,50.04
0x42de4c61e4a02d5248befe39725e993d46021186,50.03
0x64a8070811567783cf820225a11e5bba213322e9,50.0
0xf9c5384c9711dfd958e27856fb4640a8ad660def,49.96
0xd062eeb318295a09d4262135ef0092979552afe6,49.93
0x3173acd056c8d6bb3ec849d3f6ffa90b8fda208b,49.9
0xe15103fe6728f5176d39b2116291193420a8b08c,49.9
0x5e01d9928ea32d1d3ae2f3263b6ec6c165dc2d76,49.9
0x1cd6d86687adccaac08c12134aa569a780368b28,49.86
0xe77884cddf148dd5f0e9191b33d8dbaddb16dfb5,49.86
0xc8355d0e2c265b2fe495ebbc0fc9ad992b40dc8f,49.84
0xd7053db54a65f4c0e8707608b11ee1230951e387,49.81
0x0385f650cc068367fcdc2f9f739766f82405fd09,49.7
0x7d491f5fccb63261d2a6cbec67e5e8967ed8ac7c,49.69
0xa00c99f5f955552742f1089ded88abdc74e67bac,49.68
0x0061cc250c17c9a9f6335acaf1bb94b3fcf9e6ad,49.67
0xdfb934bfe4c4985aeca0946598d812f716ab9a6a,49.66
0x5553b1432226781820de70b4752b2d6a3813e65d,49.66
0xa8f0b0b9ea90cbbed60b615c1fd892099156ebcb,49.53
0x27dbb5563086ffcb325cd6037677944fae7e21e3,49.52
0x906c943594aa923b38e7feb914acb99ab44abe75,49.52
0x72112e0b260e200e423367c074ba77493a09103d,49.52
0x641c0b2a037f81ce0414a830f479ac841e67d8b6,49.5
0xe4b205c76b78cf72012d6040c33429dba9bbd19b,49.5
0x7284a8451d9a0e7dc62b3a71c0593ea2ec5c5638,49.5
0x22613c2a7c378868e3beb6657d0853c397c0c744,49.5
0x34353e48f8007b0dbf496e734062e30d9354d529,49.47
0xd6d30f186e802c1558b8137bd730f7f4aec17ae7,49.46
0xa2237168b61aabecfa5652ab2095df95efa388e5,49.44
0x9b346c63b432651269289b37940f750e21a8145f,49.44
0x4b0e8e0d672620361ffbabf48558c612d81bd83a,49.41
0x213353406af8bc04023e497a9997903509615718,49.39
0xa87259f8e14364953d91f8541a7ba0b32e5e7008,49.35
0x95655aae7f5079ac99d640f5b3633156b41e7108,49.33
0xbc5eea869e6a7a30aa41b3b83111aedf23846e33,49.32
0x301951f9bd3e21e404dd2a99a225aa38e0947ba1,49.28
0x858ea8798f5cdb83b08e238a40374bb0e1a54978,49.28
0x9079a0a7e0ebee7650c8c9da2b6946e5a5b07c19,49.27
0x1d795c4f44ade46eff5a12bb70b1c75c4f1a214a,49.27
0xfde817c7a0770f42fb80b93dd7a538291c871765,49.25
0x22d9aaa23d00cfc72083ab5146225845960ead4f,49.24
0xc968c8fd6b87874e17e37cb41e7d8b9bbc640c52,49.23
0x5519b78b0f40d62a110c787317a9833f36d937d8,49.22
0x4ab8e4b66e40d4701ceba17db1b2cba07993c7b3,49.2
0xfd698adc7fee26c3c6e862de27035333f16d2e23,49.2
0x30c2cc2a570378e2422fc75acd240978dfafbda9,49.18
0x85dc5fc2e2d5054a459890ce992106f58ecfa93c,49.16
0x18456bfb605e238af478e4af64bf5a2b5304a31e,49.15
0x4fe094231437a8f5db8e856eece5e19cd346d689,49.14
0x652528a4b62c26557554e8347bb2fda8de87e42c,49.14
0xc6d1cbd356faa71447a86c2faa68e6456907e816,49.12
0x879aff2c8d6e2f42f05441c4ae999e7815770bbd,49.11
0xa50ecb238bfa1b1c9050c58cf3e99c99260c4ed1,49.11
0x9d9d28c9a6dcd39dcac9bad14acd70427d4d29f0,49.05
0x083674408a89ccbb0fc9653cf93a1de0b017a2e2,48.99
0x95b9f2f528338b0cdb3f14442837b0e7f05dceec,48.96
0xf308ee61c13681214139fd28f87b1722ecac0f5b,48.94
0xd3bb48f4f01876783ce5f67392c1fe05e1fa0918,48.9
0x879c2ee5adc372d0542d65d80ebfe647ac1a5f10,48.87
0xb9e5436ccbc77b8c25a3fdb53273cfde1e85990a,48.86
0x9f0a988edc96dac834c158ebfe667da932bd87c6,48.86
0x7a596c2d3e0f390a212a8ed47308cf621b5e949c,48.85
0x4dac2ca98638c1af27eb349d99153dfcae3a4a53,48.84
0x6ea1eadb60d3c33113862035cf99fdc3854ca85e,48.84
0xee87486894b390199aac78d2e44dd212d8395600,48.82
0x91351a04b3365808518d22db2884d3c288a4bbd1,48.73
0xa036fcb0c60022b2f8976e387f319c14369d0754,48.73
0xe264d4f4169ec460c86019b94e390d3957135b6b,48.72
0xd84101ae36b83e64b52ac9a61efa4497f8fd2560,48.71
0x57859e63666a2a3ab7bacfbd82bee3de76064c25,48.61
0x4d0907d21de3bb9889cc4eb46dd3d8ed69350847,48.59
0xd7cd6143f331ab7688c0e4ab41f663c3c0358b27,48.59
0xc4d645532e0f009748c7951ee8e9119914cac25b,48.59
0xecbc2901efd668a049ec86e847c3a70552d128a7,48.58
0x7909c2883db0f3a7c2e36c19db241aa238a8be7a,48.56
0xb3fbe25be2e8ca097e9ac924e94af000dd3a5663,48.54
0xedfbdcacb9646e3c017321bfbc8c1bf82a8fc12f,48.52
0x500a799f086456767518b429bb14c1f585924e34,48.51
0x7ef5774cb1cb4a6829a85738d4c6956e2edc5be4,48.5
0x1911e45693ef5787481a4716693909e23cc0fe5d,48.46
0x15e82c8dcf3979c530b5d05550664b01af261a04,48.39
0x8afddc17270fea3a8bef02105923ebe5df5ca7cc,48.39
0x4a7bd2969415426e7a08527ba262b8e8ac387003,48.39
0x16ea1f673e01419ba9af51365b88138ac492489a,48.37
0x892b627053d23e7d65ea818b2d5018f526b90ae6,48.34
0xcac84169d03fb3d8be1987c59b33c85e7edf1460,48.25
0xceb9e948ce562b3b3eaa2495e39841a62815a524,48.24
0xf0754756e71aac7ad2b6497e7006f5e44d68d592,48.21
0xc4ffed5198aba912b1f9b6890779702c78062c44,48.2
0x9e10b3860779dc928822d786eee110947eef7643,48.16
0xbcacccab521ad58d4a5652cfa555ae47c24d70c0,48.13
0xc23a473089987bdeaf847f0e2c90126dde22e36b,48.1
0x852d0f03389681cb713795648bc157e878562786,48.09
0xc08b8d37fcea0a2a3cf3b7120995577b309ec33d,48.08
0x1674aca0220c10afc4b70cbb2721b3613974bd9f,48.08
0x627c5ca5b6a3b1985c6f9aa8f11d4f188debfb97,48.06
0x84bb78991e2b60dd30497f8ce048aa68a4b259bb,48.02
0xeb97d37bb6cd268ddb25e67cfbb9b3f7468db46c,48.01
0x076dc71fe4adebbdeddc1eae9492d63e19395017,48.0
0x7d957aa56820212bbd4c7667ad5e3e39215048a3,47.99
0x92be89852867b06d8f77e110d95e7e5dad2f5359,47.98
0x958f5159b62a864419ee492008061fdef2e1f8d0,47.97
0x6a84c6bff095d29d9618ea0b3fa6bacb37e640e6,47.97
0xdcc896d48b17ecc88a9011057294eb0905bcb240,47.93
0x30f7a45a4a4e899383cf2b5b41865fd52112858a,47.93
0x218b7e92625bfd535a5672b2444bf5143f473d8b,47.93
0x788e59e21dd7c41f0293b837c35e5b90460baa5b,47.91
0x35d124ce28e92a7365ac428234a6c362eaea1845,47.89
0x17e5a662b373673475c51b6db9d79bd291dce573,47.88
0x91970127fd698b2716c36633ab396a797910a24c,47.85
0xaaf4d001080b511df8ad90090c435ac1affc5a1a,47.84
0x6f858d52ff946d3a4c91fe5a7cdc408212d17a1b,47.82
0x82f458f713ac9a366aa9c7e858f69454fde779e5,47.81
0x4b3a7af8c712d2bd0068f012a9426d2dc1073d2c,47.81
0x4101767bfa3210d7e771950996f02edd92843b60,47.8
0x0a20ba37809ba3130fd7cb3b9e259e94ea4032c1,47.8
0xbbfc910c99577c3940c3fbeda64530c9939d749e,47.79
